team,from_season,to_season,city,lat,lon,utc_offset,altitude_m
ATL,2001,2100,Atlanta,33.757,-84.396,-5,320
BOS,2001,2100,Boston,42.366,-71.062,-5,5
BKN,2001,2012,New Jersey,40.770,-74.120,-5,10
BKN,2013,2100,Brooklyn,40.683,-73.975,-5,10
CHA,2005,2100,Charlotte,35.225,-80.839,-5,230
CHI,2001,2100,Chicago,41.881,-87.674,-6,180
CLE,2001,2100,Cleveland,41.497,-81.688,-5,200
DAL,2001,2100,Dallas,32.790,-96.810,-6,140
DEN,2001,2100,Denver,39.749,-105.008,-7,1609
DET,2001,2100,Detroit,42.500,-83.150,-5,250
GSW,2001,2100,San Francisco Bay,37.770,-122.330,-8,10
HOU,2001,2100,Houston,29.751,-95.362,-6,15
IND,2001,2100,Indianapolis,39.764,-86.155,-5,220
LAC,2001,2100,Los Angeles,33.950,-118.340,-8,50
LAL,2001,2100,Los Angeles,34.043,-118.267,-8,90
MEM,2001,2001,Vancouver,49.278,-123.109,-8,5
MEM,2002,2100,Memphis,35.138,-90.051,-6,80
MIA,2001,2100,Miami,25.781,-80.188,-5,2
MIL,2001,2100,Milwaukee,43.045,-87.917,-6,190
MIN,2001,2100,Minneapolis,44.979,-93.276,-6,260
NOP,2001,2002,Charlotte,35.225,-80.839,-5,230
NOP,2003,2005,New Orleans,29.949,-90.082,-6,2
NOP,2006,2007,Oklahoma City,35.463,-97.515,-6,370
NOP,2008,2100,New Orleans,29.949,-90.082,-6,2
NYK,2001,2100,New York,40.750,-73.993,-5,10
OKC,2001,2008,Seattle,47.622,-122.354,-8,50
OKC,2009,2100,Oklahoma City,35.463,-97.515,-6,370
ORL,2001,2100,Orlando,28.539,-81.384,-5,30
PHI,2001,2100,Philadelphia,39.901,-75.172,-5,10
PHX,2001,2100,Phoenix,33.446,-112.071,-7,330
POR,2001,2100,Portland,45.532,-122.667,-8,15
SAC,2001,2100,Sacramento,38.600,-121.510,-8,10
SAS,2001,2100,San Antonio,29.427,-98.438,-6,200
TOR,2001,2100,Toronto,43.643,-79.379,-5,80
UTA,2001,2100,Salt Lake City,40.768,-111.901,-7,1300
WAS,2001,2100,Washington,38.898,-77.021,-5,20
